"person_ID,name,first,last,middle,email,phone,fax,title"
"2342,""Austin, Liz "",Liz,Austin,,AustinL@univ.edu,963.555.4305,963.777.6143,Assistant Professor"
"2755,""Kendrick, Reba Alford"",Reba,Kendrick,Alford,KendrickR@univ.edu,963.555.4618x7744,963.777.4371,Associate Curator "
"4150,""Sims, Angelina "",Angelina,Sims,,SimsA@univ.edu,963.555.5278,963.777.4400,Professor"
"3544,""Mullins, Kimberly "",Kimberly,Mullins,,MullinsK@univ.edu,963.555.5471x1017,963.777.9783,Assistant Professor"
"2096,""Chuck, Lloyd Haney"",Lloyd,Chuck,Haney,ChuckL@univ.edu,963.555.5568x2652,963.777.9290,Assistant Professor"
"1089,""Payne, Ladonna "",Ladonna,Payne,,PayneL@univ.edu,963.555.5639,963.777.6469,Professor"
"2948,""Baxter, Johnathan Browning"",Johnathan,Baxter,Browning,BaxterJ@univ.edu,963.555.5902,963.777.8336,Research Professor"
"4539,""Weiss, Gilbert "",Gilbert,Weiss,,WeissG@univ.edu,963.555.5969,963.777.4975,Professor"
"2811,""Deirdre, Florence Barrera"",Florence,Deirdre,Barrera,DeirdreF@univ.edu,963.555.6319,963.777.9654,Associate Curator "
"4580,""Fernando, Toby Calderon"",Toby,Fernando,Calderon,FernandoT@univ.edu,963.555.6469,963.777.9864,Research Professor"
